mass,tanphi,width,total width/mass,primary decay channel,primary decay branching,second decay channel,second decay branching,third decay channel,third decay branching,fourth decay channel,fourth decay branching
2.000000e+02,1.000000e-02,2.025292e+01,0.1012646,c t~,3.283383e-01,t c~,3.283383e-01,c c~,3.146581e-01,u t~,1.433204e-02
2.000000e+02,3.162278e-02,2.027793e+00,0.010138965,c t~,3.285237e-01,t c~,3.285237e-01,c c~,3.142709e-01,u t~,1.434014e-02
2.000000e+02,1.000000e-01,2.052930e-01,0.001026465,c t~,3.303627e-01,t c~,3.303627e-01,c c~,3.104326e-01,t u~,1.442041e-02
2.000000e+02,3.162278e-01,2.316658e-02,0.0001158329,t c~,3.472528e-01,c t~,3.472528e-01,c c~,2.751779e-01,u t~,1.515767e-02
2.000000e+02,1.000000e+00,6.190416e-03,3.095208e-05,t c~,4.295983e-01,c t~,4.295983e-01,c c~,1.032989e-01,t u~,1.875206e-02
2.000000e+02,3.162278e+00,1.685756e-02,8.42878e-05,t c~,4.772139e-01,c t~,4.772139e-01,t u~,2.083050e-02,u t~,2.083050e-02
2.000000e+02,1.000000e+01,1.415719e-01,0.0007078595,c t~,4.790581e-01,t c~,4.790581e-01,t u~,2.091100e-02,u t~,2.091100e-02
2.000000e+02,3.162278e+01,1.390520e+00,0.0069526,t c~,4.790861e-01,c t~,4.790861e-01,u t~,2.091222e-02,t u~,2.091222e-02
2.000000e+02,1.000000e+02,1.388017e+01,0.06940085,c t~,4.790870e-01,t c~,4.790870e-01,u t~,2.091226e-02,t u~,2.091226e-02
2.545455e+02,1.000000e-02,8.515056e+01,0.334519997407,t c~,4.334786e-01,c t~,4.334786e-01,c c~,9.525505e-02,u t~,1.889372e-02
2.545455e+02,3.162278e-02,8.528928e+00,0.0335064968738,c t~,4.335527e-01,t c~,4.335527e-01,c c~,9.510039e-02,u t~,1.889695e-02
2.545455e+02,1.000000e-01,8.668361e-01,0.0034054269276,t c~,4.342842e-01,c t~,4.342842e-01,c c~,9.357358e-02,t u~,1.892884e-02
2.545455e+02,3.162278e-01,1.013130e-01,0.000398015286069,t c~,4.407461e-01,c t~,4.407461e-01,c c~,8.008648e-02,u t~,1.921049e-02
2.545455e+02,1.000000e+00,3.162353e-02,0.000124235274244,c t~,4.667861e-01,t c~,4.667861e-01,c c~,2.573676e-02,t u~,2.034548e-02
2.545455e+02,3.162278e+00,9.328309e-02,0.000366469216702,t c~,4.786860e-01,c t~,4.786860e-01,t u~,2.086415e-02,u t~,2.086415e-02
2.545455e+02,1.000000e+01,7.857340e-01,0.00308681159164,t c~,4.791103e-01,c t~,4.791103e-01,t u~,2.088264e-02,u t~,2.088264e-02
2.545455e+02,3.162278e+01,7.717830e+00,0.0303200410143,t c~,4.791167e-01,c t~,4.791167e-01,t u~,2.088292e-02,u t~,2.088292e-02
2.545455e+02,1.000000e+02,7.703953e+01,0.302655242383,t c~,4.791169e-01,c t~,4.791169e-01,u t~,2.088293e-02,t u~,2.088293e-02
3.090909e+02,1.000000e-02,1.608510e+02,0.520400309424,t c~,4.497830e-01,c t~,4.497830e-01,c c~,6.123214e-02,u t~,1.960076e-02
3.090909e+02,3.162278e-02,1.611229e+01,0.052127998592,c t~,4.498325e-01,t c~,4.498325e-01,c c~,6.112898e-02,u t~,1.960291e-02
3.090909e+02,1.000000e-01,1.638557e+00,0.00530121397945,t c~,4.503200e-01,c t~,4.503200e-01,c c~,6.011135e-02,u t~,1.962416e-02
3.090909e+02,3.162278e-01,1.925282e-01,0.000622885371261,c t~,4.546017e-01,t c~,4.546017e-01,c c~,5.117498e-02,t u~,1.981074e-02
3.090909e+02,1.000000e+00,6.883533e-02,0.000222702544785,t c~,4.203283e-01,c t~,4.203283e-01,-24 b~ t,5.425992e-02,t~ b 24,5.409142e-02
3.090909e+02,3.162278e+00,2.575985e-01,0.000833406936277,t c~,3.397678e-01,c t~,3.397678e-01,-24 b~ t,1.454551e-01,t~ b 24,1.450008e-01
3.090909e+02,1.000000e+01,2.288524e+00,0.00740404845306,t c~,3.224240e-01,c t~,3.224240e-01,-24 b~ t,1.637780e-01,t~ b 24,1.632668e-01
3.090909e+02,3.162278e+01,2.261217e+01,0.0731570227399,t c~,3.205280e-01,c t~,3.205280e-01,-24 b~ t,1.657603e-01,t~ b 24,1.652473e-01
3.090909e+02,1.000000e+02,2.258498e+02,0.730690550903,t c~,3.203371e-01,c t~,3.203371e-01,-24 b~ t,1.659599e-01,t~ b 24,1.654463e-01
3.636364e+02,1.000000e-02,2.364192e+02,0.650152734985,t c~,4.552542e-01,c t~,4.552542e-01,c c~,4.901236e-02,u t~,1.983787e-02
3.636364e+02,3.162278e-02,2.366740e+01,0.0650853434915,c t~,4.555830e-01,t c~,4.555830e-01,c c~,4.895975e-02,u t~,1.985220e-02
3.636364e+02,1.000000e-01,2.453382e+00,0.00674679982532,t c~,4.474325e-01,c t~,4.474325e-01,c c~,4.723219e-02,t u~,1.949704e-02
3.636364e+02,3.162278e-01,9.436174e-01,0.00259494759051,t t~,6.997155e-01,c t~,1.379874e-01,t c~,1.379874e-01,c c~,1.228404e-02
3.636364e+02,1.000000e+00,6.909016e+00,0.0189997921,t t~,9.868286e-01,t c~,6.230082e-03,c t~,6.230082e-03,t u~,2.714782e-04
3.636364e+02,3.162278e+00,6.866932e+01,0.188840611116,t t~,9.960407e-01,t c~,1.896150e-03,c t~,1.896150e-03,t u~,8.262544e-05
3.636364e+02,1.000000e+01,6.864828e+02,1.88782751122,t t~,9.966625e-01,t c~,1.599054e-03,c t~,1.599054e-03,t u~,6.967936e-05
3.636364e+02,3.162278e+01,6.864640e+03,18.8777581122,t t~,9.967217e-01,t c~,1.570726e-03,c t~,1.570726e-03,u t~,6.844497e-05
3.636364e+02,1.000000e+02,6.864620e+04,188.777031122,t t~,9.967275e-01,t c~,1.567907e-03,c t~,1.567907e-03,u t~,6.832213e-05
4.181818e+02,1.000000e-02,3.096450e+02,0.740455466976,t c~,4.579108e-01,c t~,4.579108e-01,c c~,4.303529e-02,u t~,1.995298e-02
4.181818e+02,3.162278e-02,3.098758e+01,0.0741007380044,c t~,4.583936e-01,t c~,4.583936e-01,c c~,4.300336e-02,u t~,1.997402e-02
4.181818e+02,1.000000e-01,3.245080e+00,0.00775997425043,c t~,4.456311e-01,t c~,4.456311e-01,c c~,4.106561e-02,t t~,2.883622e-02
4.181818e+02,3.162278e-01,1.703204e+00,0.00407287930752,t t~,7.819748e-01,t c~,1.007110e-01,c t~,1.007110e-01,c c~,7.826560e-03
4.181818e+02,1.000000e+00,1.387276e+01,0.0331739927467,t t~,9.913724e-01,t c~,4.087475e-03,c t~,4.087475e-03,t u~,1.781074e-04
4.181818e+02,3.162278e+00,1.383272e+02,0.330782449164,t t~,9.974109e-01,t c~,1.240040e-03,c t~,1.240040e-03,t u~,5.403347e-05
4.181818e+02,1.000000e+01,1.383147e+03,3.30752557859,t t~,9.978178e-01,c t~,1.045520e-03,t c~,1.045520e-03,t u~,4.555744e-05
4.181818e+02,3.162278e+01,1.383138e+04,33.0750405685,t t~,9.978565e-01,t c~,1.026977e-03,c t~,1.026977e-03,u t~,4.474946e-05
4.181818e+02,1.000000e+02,1.383137e+05,330.750166554,t t~,9.978604e-01,t c~,1.025132e-03,c t~,1.025132e-03,u t~,4.466906e-05
4.727273e+02,1.000000e-02,3.804105e+02,0.804714472805,c t~,4.594924e-01,t c~,4.594924e-01,c c~,3.959895e-02,u t~,2.002152e-02
4.727273e+02,3.162278e-02,3.806554e+01,0.0805232530467,c t~,4.600234e-01,t c~,4.600234e-01,c c~,3.957358e-02,u t~,2.004466e-02
4.727273e+02,1.000000e-01,3.999075e+00,0.00845958124272,c t~,4.457868e-01,t c~,4.457868e-01,c c~,3.766963e-02,t t~,3.190803e-02
4.727273e+02,3.162278e-01,2.272583e+00,0.00480738683804,t t~,7.991633e-01,t c~,9.304852e-02,c t~,9.304852e-02,c c~,6.630788e-03
4.727273e+02,1.000000e+00,1.890149e+01,0.0399839188471,t t~,9.922010e-01,t c~,3.698349e-03,c t~,3.698349e-03,t u~,1.611486e-04
4.727273e+02,3.162278e+00,1.885800e+02,0.398919207755,t t~,9.976588e-01,t c~,1.121331e-03,c t~,1.121331e-03,t u~,4.885990e-05
4.727273e+02,1.000000e+01,1.885704e+03,3.98898900064,t t~,9.980268e-01,c t~,9.453949e-04,t c~,9.453949e-04,u t~,4.119382e-05
4.727273e+02,3.162278e+01,1.885698e+04,39.8897630833,t t~,9.980618e-01,t c~,9.286244e-04,c t~,9.286244e-04,t u~,4.046308e-05
4.727273e+02,1.000000e+02,1.885697e+05,398.897419294,t t~,9.980653e-01,c t~,9.269556e-04,t c~,9.269556e-04,u t~,4.039036e-05
5.272727e+02,1.000000e-02,4.490980e+02,0.851737630262,c t~,4.605111e-01,t c~,4.605111e-01,c c~,3.741286e-02,u t~,2.006567e-02
5.272727e+02,3.162278e-02,4.493675e+01,0.0852248750978,c t~,4.610635e-01,t c~,4.610635e-01,c c~,3.739052e-02,u t~,2.008974e-02
5.272727e+02,1.000000e-01,4.727687e+00,0.00896630339481,t c~,4.461577e-01,c t~,4.461577e-01,c c~,3.554086e-02,t t~,3.326311e-02
5.272727e+02,3.162278e-01,2.777246e+00,0.0052671909621,t t~,8.059220e-01,t c~,9.008766e-02,c t~,9.008766e-02,c c~,6.051964e-03
5.272727e+02,1.000000e+00,2.328686e+01,0.0441647367671,t t~,9.925146e-01,t c~,3.551758e-03,c t~,3.551758e-03,t u~,1.547594e-04
5.272727e+02,3.162278e+00,2.323845e+02,0.440729246934,t t~,9.977521e-01,t c~,1.076645e-03,c t~,1.076645e-03,t u~,4.691225e-05
5.272727e+02,1.000000e+01,2.323760e+03,4.40713126244,t t~,9.981055e-01,t c~,9.077073e-04,c t~,9.077073e-04,t u~,3.955118e-05
5.272727e+02,3.162278e+01,2.323756e+04,44.0712367623,t t~,9.981391e-01,t c~,8.916041e-04,c t~,8.916041e-04,t u~,3.884952e-05
5.272727e+02,1.000000e+02,2.323755e+05,440.712177968,t t~,9.981424e-01,c t~,8.900017e-04,t c~,8.900017e-04,u t~,3.877970e-05
5.818182e+02,1.000000e-02,5.160946e+02,0.88703756603,c t~,4.612096e-01,t c~,4.612096e-01,c c~,3.592407e-02,u t~,2.009594e-02
5.818182e+02,3.162278e-02,5.163930e+01,0.0887550441014,c t~,4.617730e-01,t c~,4.617730e-01,c c~,3.590342e-02,u t~,2.012049e-02
5.818182e+02,1.000000e-01,5.436895e+00,0.00934466298923,t c~,4.465114e-01,c t~,4.465114e-01,c c~,3.410191e-02,t t~,3.396410e-02
5.818182e+02,3.162278e-01,3.247803e+00,0.00558216123181,t t~,8.092396e-01,t c~,8.866176e-02,c t~,8.866176e-02,c c~,5.710497e-03
5.818182e+02,1.000000e+00,2.734038e+01,0.0469912766565,t t~,9.926651e-01,t c~,3.481739e-03,c t~,3.481739e-03,u t~,1.517072e-04
5.818182e+02,3.162278e+00,2.728646e+02,0.468986016594,t t~,9.977967e-01,c t~,1.055308e-03,t c~,1.055308e-03,t u~,4.598213e-05
5.818182e+02,1.000000e+01,2.728566e+03,4.68972266595,t t~,9.981430e-01,t c~,8.897114e-04,c t~,8.897114e-04,u t~,3.876673e-05
5.818182e+02,3.162278e+01,2.728563e+04,46.897175097,t t~,9.981760e-01,t c~,8.739269e-04,c t~,8.739269e-04,t u~,3.807896e-05
5.818182e+02,1.000000e+02,2.728562e+05,468.971579095,t t~,9.981793e-01,c t~,8.723562e-04,t c~,8.723562e-04,u t~,3.801052e-05
6.363636e+02,1.000000e-02,5.817275e+02,0.914143266522,t c~,4.617115e-01,c t~,4.617115e-01,c c~,3.485893e-02,u t~,2.011769e-02
6.363636e+02,3.162278e-02,5.820567e+01,0.0914660580838,c t~,4.622812e-01,t c~,4.622812e-01,c c~,3.483931e-02,u t~,2.014251e-02
6.363636e+02,1.000000e-01,6.130880e+00,0.00963424055053,t c~,4.468105e-01,c t~,4.468105e-01,t t~,3.436514e-02,c c~,3.307695e-02
6.363636e+02,3.162278e-01,3.697185e+00,0.00580986247485,t t~,8.110834e-01,t c~,8.788557e-02,c t~,8.788557e-02,c c~,5.486700e-03
6.363636e+02,1.000000e+00,3.119165e+01,0.0490154528009,t t~,9.927473e-01,c t~,3.443697e-03,t c~,3.443697e-03,t u~,1.500488e-04
6.363636e+02,3.162278e+00,3.113196e+02,0.489216542241,t t~,9.978209e-01,c t~,1.043716e-03,t c~,1.043716e-03,t u~,4.547679e-05
6.363636e+02,1.000000e+01,3.113116e+03,4.89203970812,t t~,9.981634e-01,t c~,8.799354e-04,c t~,8.799354e-04,t u~,3.834054e-05
6.363636e+02,3.162278e+01,3.113114e+04,48.9203656526,t t~,9.981960e-01,t c~,8.643240e-04,c t~,8.643240e-04,t u~,3.766032e-05
6.363636e+02,1.000000e+02,3.113113e+05,489.203499383,t t~,9.981993e-01,t c~,8.627706e-04,c t~,8.627706e-04,u t~,3.759263e-05
6.909091e+02,1.000000e-02,6.462582e+02,0.935373698219,t c~,4.620854e-01,c t~,4.620854e-01,c c~,3.406776e-02,u t~,2.013389e-02
6.909091e+02,3.162278e-02,6.466192e+01,0.0935896198212,t c~,4.626589e-01,c t~,4.626589e-01,c c~,3.404884e-02,u t~,2.015888e-02
6.909091e+02,1.000000e-01,6.812744e+00,0.00986055039657,t c~,4.470561e-01,c t~,4.470561e-01,t t~,3.461167e-02,c c~,3.231784e-02
6.909091e+02,3.162278e-01,4.132180e+00,0.00598078676341,t t~,8.121966e-01,t c~,8.742738e-02,c t~,8.742738e-02,c c~,5.329902e-03
6.909091e+02,1.000000e+00,3.490766e+01,0.050524244072,t t~,9.927961e-01,t c~,3.421217e-03,c t~,3.421217e-03,t u~,1.490686e-04
6.909091e+02,3.162278e+00,3.484207e+02,0.504293111786,t t~,9.978353e-01,c t~,1.036867e-03,t c~,1.036867e-03,t u~,4.517815e-05
6.909091e+02,1.000000e+01,3.484126e+03,5.04281388102,t t~,9.981755e-01,t c~,8.741588e-04,c t~,8.741588e-04,t u~,3.808867e-05
6.909091e+02,3.162278e+01,3.484124e+04,50.4281098628,t t~,9.982079e-01,c t~,8.586497e-04,t c~,8.586497e-04,t u~,3.741291e-05
6.909091e+02,1.000000e+02,3.484123e+05,504.280953891,t t~,9.982111e-01,t c~,8.571064e-04,c t~,8.571064e-04,u t~,3.734567e-05
7.454545e+02,1.000000e-02,7.098913e+02,0.952293265384,t c~,4.623720e-01,c t~,4.623720e-01,c c~,3.346251e-02,u t~,2.014631e-02
7.454545e+02,3.162278e-02,7.102846e+01,0.0952820862977,t c~,4.629480e-01,c t~,4.629480e-01,c c~,3.344407e-02,u t~,2.017141e-02
7.454545e+02,1.000000e-01,7.484830e+00,0.010040626222,t c~,4.472572e-01,c t~,4.472572e-01,t t~,3.477174e-02,c c~,3.173826e-02
7.454545e+02,3.162278e-01,4.556816e+00,0.00611280232395,t t~,8.129104e-01,t c~,8.714056e-02,c t~,8.714056e-02,c c~,5.214799e-03
7.454545e+02,1.000000e+00,3.852752e+01,0.051683261688,t t~,9.928270e-01,t c~,3.407105e-03,c t~,3.407105e-03,t u~,1.484532e-04
7.454545e+02,3.162278e+00,3.845597e+02,0.515872799748,t t~,9.978442e-01,t c~,1.032567e-03,c t~,1.032567e-03,t u~,4.499065e-05
7.454545e+02,1.000000e+01,3.845513e+03,5.15861531455,t t~,9.981831e-01,t c~,8.705325e-04,c t~,8.705325e-04,t u~,3.793054e-05
7.454545e+02,3.162278e+01,3.845512e+04,51.5861397309,t t~,9.982153e-01,t c~,8.550876e-04,c t~,8.550876e-04,t u~,3.725758e-05
7.454545e+02,1.000000e+02,3.845511e+05,515.861263162,t t~,9.982185e-01,t c~,8.535507e-04,c t~,8.535507e-04,u t~,3.719061e-05
8.000000e+02,1.000000e-02,7.727874e+02,0.96598425,t c~,4.625969e-01,c t~,4.625969e-01,c c~,3.298826e-02,u t~,2.015606e-02
8.000000e+02,3.162278e-02,7.732133e+01,0.0966516625,t c~,4.631746e-01,c t~,4.631746e-01,c c~,3.297019e-02,t u~,2.018123e-02
8.000000e+02,1.000000e-01,8.148936e+00,0.01018617,t c~,4.474225e-01,c t~,4.474225e-01,t t~,3.488030e-02,c c~,3.128480e-02
8.000000e+02,3.162278e-01,4.973683e+00,0.00621710375,t t~,8.133899e-01,t c~,8.695272e-02,c t~,8.695272e-02,c c~,5.127317e-03
8.000000e+02,1.000000e+00,4.207603e+01,0.0525950375,t t~,9.928475e-01,t c~,3.397826e-03,c t~,3.397826e-03,t u~,1.480485e-04
8.000000e+02,3.162278e+00,4.199851e+02,0.524981375,t t~,9.978502e-01,c t~,1.029740e-03,t c~,1.029740e-03,t u~,4.486734e-05
8.000000e+02,1.000000e+01,4.199764e+03,5.249705,t t~,9.981880e-01,t c~,8.681482e-04,c t~,8.681482e-04,t u~,3.782655e-05
8.000000e+02,3.162278e+01,4.199763e+04,52.4970375,t t~,9.982202e-01,t c~,8.527455e-04,c t~,8.527455e-04,t u~,3.715543e-05
8.000000e+02,1.000000e+02,4.199762e+05,524.97025,t t~,9.982234e-01,t c~,8.512128e-04,c t~,8.512128e-04,u t~,3.708865e-05
8.545455e+02,1.000000e-02,8.350726e+02,0.977212565042,c t~,4.627769e-01,t c~,4.627769e-01,c c~,3.260925e-02,u t~,2.016386e-02
8.545455e+02,3.162278e-02,8.355311e+01,0.0977749107567,c t~,4.633557e-01,t c~,4.633557e-01,c c~,3.259145e-02,u t~,2.018908e-02
8.545455e+02,1.000000e-01,8.806455e+00,0.0103054255157,t c~,4.475594e-01,c t~,4.475594e-01,t t~,3.495659e-02,c c~,3.092279e-02
8.545455e+02,3.162278e-01,5.384540e+00,0.00630105711165,t t~,8.137244e-01,t c~,8.682520e-02,c t~,8.682520e-02,c c~,5.059005e-03
8.545455e+02,1.000000e+00,4.556986e+01,0.0533264290784,t t~,9.928615e-01,t c~,3.391496e-03,c t~,3.391496e-03,t u~,1.477724e-04
8.545455e+02,3.162278e+00,4.548636e+02,0.532287163176,t t~,9.978542e-01,t c~,1.027811e-03,c t~,1.027811e-03,t u~,4.478321e-05
8.545455e+02,1.000000e+01,4.548544e+03,5.32276397219,t t~,9.981914e-01,t c~,8.665216e-04,c t~,8.665216e-04,u t~,3.775560e-05
8.545455e+02,3.162278e+01,4.548544e+04,53.2276397219,t t~,9.982235e-01,t c~,8.511478e-04,c t~,8.511478e-04,t u~,3.708574e-05
8.545455e+02,1.000000e+02,4.548542e+05,532.276163177,t t~,9.982267e-01,c t~,8.496179e-04,t c~,8.496179e-04,u t~,3.701908e-05
9.090909e+02,1.000000e-02,8.968465e+02,0.986531159865,t c~,4.629234e-01,c t~,4.629234e-01,c c~,3.230124e-02,u t~,2.017020e-02
9.090909e+02,3.162278e-02,8.973377e+01,0.0987071479871,c t~,4.635030e-01,t c~,4.635030e-01,c c~,3.228365e-02,u t~,2.019546e-02
9.090909e+02,1.000000e-01,9.458481e+00,0.010404329204,t c~,4.476738e-01,c t~,4.476738e-01,t t~,3.501182e-02,c c~,3.062885e-02
9.090909e+02,3.162278e-01,5.790634e+00,0.0063696974637,t t~,8.139650e-01,t c~,8.673603e-02,c t~,8.673603e-02,c c~,5.004491e-03
9.090909e+02,1.000000e+00,4.902068e+01,0.0539227485392,t t~,9.928715e-01,t c~,3.387046e-03,c t~,3.387046e-03,t u~,1.475782e-04
9.090909e+02,3.162278e+00,4.893121e+02,0.538243315382,t t~,9.978570e-01,t c~,1.026455e-03,c t~,1.026455e-03,t u~,4.472405e-05
9.090909e+02,1.000000e+01,4.893024e+03,5.38232645382,t t~,9.981938e-01,t c~,8.653779e-04,c t~,8.653779e-04,t u~,3.770570e-05
9.090909e+02,3.162278e+01,4.893023e+04,53.8232535382,t t~,9.982259e-01,t c~,8.500243e-04,c t~,8.500243e-04,t u~,3.703672e-05
9.090909e+02,1.000000e+02,4.893022e+05,538.232425382,t t~,9.982291e-01,t c~,8.484965e-04,c t~,8.484965e-04,u t~,3.697015e-05
9.636364e+02,1.000000e-02,9.581894e+02,0.994347453043,c t~,4.630442e-01,t c~,4.630442e-01,c c~,3.204734e-02,u t~,2.017544e-02
9.636364e+02,3.162278e-02,9.587132e+01,0.0994891019061,c t~,4.636244e-01,t c~,4.636244e-01,c c~,3.202993e-02,u t~,2.020072e-02
9.636364e+02,1.000000e-01,1.010589e+01,0.0104872439439,t c~,4.477702e-01,c t~,4.477702e-01,t t~,3.505283e-02,c c~,3.038671e-02
9.636364e+02,3.162278e-01,6.192883e+00,0.0064265764556,t t~,8.141427e-01,t c~,8.667211e-02,c t~,8.667211e-02,c c~,4.960201e-03
9.636364e+02,1.000000e+00,5.243698e+01,0.0544157319088,t t~,9.928787e-01,t c~,3.383836e-03,c t~,3.383836e-03,t u~,1.474381e-04
9.636364e+02,3.162278e+00,5.234155e+02,0.543167007805,t t~,9.978591e-01,t c~,1.025477e-03,c t~,1.025477e-03,t u~,4.468136e-05
9.636364e+02,1.000000e+01,5.234053e+03,5.431564229,t t~,9.981955e-01,t c~,8.645529e-04,c t~,8.645529e-04,t u~,3.766970e-05
9.636364e+02,3.162278e+01,5.234052e+04,54.3156319126,t t~,9.982276e-01,c t~,8.492139e-04,t c~,8.492139e-04,t u~,3.700136e-05
9.636364e+02,1.000000e+02,5.234051e+05,543.156215353,t t~,9.982308e-01,c t~,8.476876e-04,t c~,8.476876e-04,u t~,3.693485e-05
1.018182e+03,1.000000e-02,1.019166e+03,1.0009664284,c t~,4.631450e-01,t c~,4.631450e-01,c c~,3.183545e-02,u t~,2.017981e-02
1.018182e+03,3.162278e-02,1.019722e+02,0.100151249973,c t~,4.637257e-01,t c~,4.637257e-01,c c~,3.181817e-02,u t~,2.020511e-02
1.018182e+03,1.000000e-01,1.074937e+01,0.010557415079,t c~,4.478521e-01,c t~,4.478521e-01,t t~,3.508397e-02,c c~,3.018474e-02
1.018182e+03,3.162278e-01,6.591973e+00,0.00647425804031,t t~,8.142769e-01,t c~,8.662532e-02,c t~,8.662532e-02,c c~,4.923672e-03
1.018182e+03,1.000000e+00,5.582510e+01,0.0548282134235,t t~,9.928841e-01,t c~,3.381470e-03,c t~,3.381470e-03,t u~,1.473349e-04
1.018182e+03,3.162278e+00,5.572372e+02,0.547286437985,t t~,9.978606e-01,c t~,1.024756e-03,t c~,1.024756e-03,t u~,4.464989e-05
1.018182e+03,1.000000e+01,5.572265e+03,5.47275929058,t t~,9.981968e-01,t c~,8.639448e-04,c t~,8.639448e-04,t u~,3.764316e-05
1.018182e+03,3.162278e+01,5.572264e+04,54.7275830844,t t~,9.982288e-01,t c~,8.486166e-04,c t~,8.486166e-04,t u~,3.697529e-05
1.018182e+03,1.000000e+02,5.572263e+05,547.275732629,t t~,9.982320e-01,c t~,8.470913e-04,t c~,8.470913e-04,u t~,3.690883e-05
1.072727e+03,1.000000e-02,1.079827e+03,1.00661864575,c t~,4.632302e-01,t c~,4.632302e-01,c c~,3.165668e-02,u t~,2.018350e-02
1.072727e+03,3.162278e-02,1.080416e+02,0.100716771369,c t~,4.638112e-01,t c~,4.638112e-01,c c~,3.163952e-02,u t~,2.020882e-02
1.072727e+03,1.000000e-01,1.138950e+01,0.0106173332078,t c~,4.479222e-01,c t~,4.479222e-01,t t~,3.510805e-02,c c~,3.001442e-02
1.072727e+03,3.162278e-01,6.988431e+00,0.00651464072406,t t~,8.143803e-01,t c~,8.659043e-02,c t~,8.659043e-02,c c~,4.893152e-03
1.072727e+03,1.000000e+00,5.918983e+01,0.0551769741975,t t~,9.928881e-01,t c~,3.379693e-03,c t~,3.379693e-03,t u~,1.472573e-04
1.072727e+03,3.162278e+00,5.908251e+02,0.550769301043,t t~,9.978617e-01,t c~,1.024214e-03,c t~,1.024214e-03,t u~,4.462625e-05
1.072727e+03,1.000000e+01,5.908139e+03,5.50758860362,t t~,9.981978e-01,t c~,8.634881e-04,c t~,8.634881e-04,u t~,3.762322e-05
1.072727e+03,3.162278e+01,5.908139e+04,55.0758860362,t t~,9.982298e-01,t c~,8.481680e-04,c t~,8.481680e-04,t u~,3.695570e-05
1.072727e+03,1.000000e+02,5.908137e+05,550.758673922,t t~,9.982329e-01,c t~,8.466435e-04,t c~,8.466435e-04,u t~,3.688928e-05
1.127273e+03,1.000000e-02,1.140219e+03,1.01148435206,c t~,4.633028e-01,t c~,4.633028e-01,c c~,3.150442e-02,u t~,2.018664e-02
1.127273e+03,3.162278e-02,1.140840e+02,0.101203523902,c t~,4.638841e-01,t c~,4.638841e-01,c c~,3.148735e-02,u t~,2.021197e-02
1.127273e+03,1.000000e-01,1.202674e+01,0.0106688796769,t c~,4.479826e-01,c t~,4.479826e-01,t t~,3.512700e-02,c c~,2.986941e-02
1.127273e+03,3.162278e-01,7.382683e+00,0.00654915268972,t t~,8.144612e-01,t c~,8.656400e-02,c t~,8.656400e-02,c c~,4.867369e-03
1.127273e+03,1.000000e+00,6.253503e+01,0.0554746099658,t t~,9.928913e-01,t c~,3.378336e-03,c t~,3.378336e-03,t u~,1.471981e-04
1.127273e+03,3.162278e+00,6.242180e+02,0.553741640224,t t~,9.978626e-01,t c~,1.023801e-03,c t~,1.023801e-03,t u~,4.460820e-05
1.127273e+03,1.000000e+01,6.242062e+03,5.53731172484,t t~,9.981985e-01,t c~,8.631394e-04,c t~,8.631394e-04,t u~,3.760799e-05
1.127273e+03,3.162278e+01,6.242062e+04,55.3731172484,t t~,9.982305e-01,t c~,8.478254e-04,c t~,8.478254e-04,u t~,3.694075e-05
1.127273e+03,1.000000e+02,6.242060e+05,553.730995065,t t~,9.982336e-01,c t~,8.463016e-04,t c~,8.463016e-04,u t~,3.687435e-05
1.181818e+03,1.000000e-02,1.200374e+03,1.01570123318,t c~,4.633651e-01,c t~,4.633651e-01,c c~,3.137363e-02,u t~,2.018935e-02
1.181818e+03,3.162278e-02,1.201028e+02,0.101625461789,c t~,4.639466e-01,t c~,4.639466e-01,c c~,3.135664e-02,u t~,2.021468e-02
1.181818e+03,1.000000e-01,1.266146e+01,0.0107135447252,t c~,4.480350e-01,c t~,4.480350e-01,t t~,3.514213e-02,c c~,2.974488e-02
1.181818e+03,3.162278e-01,7.775045e+00,0.00657888524291,t t~,8.145256e-01,t c~,8.654369e-02,c t~,8.654369e-02,c c~,4.845372e-03
1.181818e+03,1.000000e+00,6.586358e+01,0.0557307301124,t t~,9.928938e-01,t c~,3.377285e-03,c t~,3.377285e-03,t u~,1.471522e-04
1.181818e+03,3.162278e+00,6.574443e+02,0.556299108661,t t~,9.978633e-01,t c~,1.023480e-03,c t~,1.023480e-03,t u~,4.459420e-05
1.181818e+03,1.000000e+01,6.574320e+03,5.56288700967,t t~,9.981991e-01,t c~,8.628692e-04,c t~,8.628692e-04,u t~,3.759619e-05
1.181818e+03,3.162278e+01,6.574320e+04,55.6288700967,t t~,9.982310e-01,t c~,8.475600e-04,c t~,8.475600e-04,t u~,3.692916e-05
1.181818e+03,1.000000e+02,6.574318e+05,556.288531737,t t~,9.982342e-01,t c~,8.460366e-04,c t~,8.460366e-04,u t~,3.686278e-05
1.236364e+03,1.000000e-02,1.260325e+03,1.01938021489,c t~,4.634191e-01,t c~,4.634191e-01,c c~,3.126042e-02,u t~,2.019169e-02
1.236364e+03,3.162278e-02,1.261011e+02,0.101993506767,c t~,4.640008e-01,t c~,4.640008e-01,c c~,3.124350e-02,u t~,2.021703e-02
1.236364e+03,1.000000e-01,1.329401e+01,0.0107525049257,t c~,4.480808e-01,c t~,4.480808e-01,t t~,3.515437e-02,c c~,2.963712e-02
1.236364e+03,3.162278e-01,8.165797e+00,0.00660468680745,t t~,8.145775e-01,t c~,8.652790e-02,c t~,8.652790e-02,c c~,4.826444e-03
1.236364e+03,1.000000e+00,6.917797e+01,0.0559527533962,t t~,9.928957e-01,t c~,3.376460e-03,c t~,3.376460e-03,t u~,1.471161e-04
1.236364e+03,3.162278e+00,6.905293e+02,0.558516181319,t t~,9.978638e-01,t c~,1.023229e-03,c t~,1.023229e-03,t u~,4.458322e-05
1.236364e+03,1.000000e+01,6.905164e+03,5.58505747498,t t~,9.981995e-01,t c~,8.626571e-04,c t~,8.626571e-04,t u~,3.758693e-05
1.236364e+03,3.162278e+01,6.905164e+04,55.8505747498,t t~,9.982315e-01,t c~,8.473517e-04,c t~,8.473517e-04,u t~,3.692006e-05
1.236364e+03,1.000000e+02,6.905163e+05,558.505666616,t t~,9.982346e-01,c t~,8.458287e-04,t c~,8.458287e-04,u t~,3.685370e-05
1.290909e+03,1.000000e-02,1.320093e+03,1.02260732554,t c~,4.634662e-01,c t~,4.634662e-01,c c~,3.116175e-02,u t~,2.019372e-02
1.290909e+03,3.162278e-02,1.320812e+02,0.102316429741,c t~,4.640480e-01,t c~,4.640480e-01,c c~,3.114489e-02,u t~,2.021908e-02
1.290909e+03,1.000000e-01,1.392462e+01,0.0107866782244,t c~,4.481210e-01,c t~,4.481210e-01,t t~,3.516440e-02,c c~,2.954323e-02
1.290909e+03,3.162278e-01,8.555145e+00,0.00662722546671,t t~,8.146199e-01,t c~,8.651547e-02,c t~,8.651547e-02,c c~,4.810031e-03
1.290909e+03,1.000000e+00,7.248005e+01,0.0561465215596,t t~,9.928973e-01,t c~,3.375805e-03,c t~,3.375805e-03,t u~,1.470875e-04
1.290909e+03,3.162278e+00,7.234912e+02,0.560450969046,t t~,9.978642e-01,t c~,1.023029e-03,c t~,1.023029e-03,t u~,4.457449e-05
1.290909e+03,1.000000e+01,7.234778e+03,5.60440588763,t t~,9.981999e-01,t c~,8.624887e-04,c t~,8.624887e-04,t u~,3.757957e-05
1.290909e+03,3.162278e+01,7.234778e+04,56.0440588763,t t~,9.982318e-01,t c~,8.471863e-04,c t~,8.471863e-04,u t~,3.691283e-05
1.290909e+03,1.000000e+02,7.234776e+05,560.440433834,t t~,9.982350e-01,t c~,8.456635e-04,c t~,8.456635e-04,u t~,3.684648e-05
1.345455e+03,1.000000e-02,1.379704e+03,1.02545532924,t c~,4.635075e-01,c t~,4.635075e-01,c c~,3.107522e-02,u t~,2.019551e-02
1.345455e+03,3.162278e-02,1.380455e+02,0.102601350473,c t~,4.640894e-01,t c~,4.640894e-01,c c~,3.105841e-02,u t~,2.022087e-02
1.345455e+03,1.000000e-01,1.455355e+01,0.0108168240484,t c~,4.481565e-01,c t~,4.481565e-01,t t~,3.517271e-02,c c~,2.946090e-02
1.345455e+03,3.162278e-01,8.943280e+00,0.00664703018681,t t~,8.146548e-01,t c~,8.650560e-02,c t~,8.650560e-02,c c~,4.795700e-03
1.345455e+03,1.000000e+00,7.577153e+01,0.0563166586768,t t~,9.928985e-01,c t~,3.375279e-03,t c~,3.375279e-03,t u~,1.470645e-04
1.345455e+03,3.162278e+00,7.563473e+02,0.562149830355,t t~,9.978645e-01,t c~,1.022869e-03,c t~,1.022869e-03,t u~,4.456749e-05
1.345455e+03,1.000000e+01,7.563332e+03,5.62139350629,t t~,9.982001e-01,t c~,8.623535e-04,c t~,8.623535e-04,t u~,3.757366e-05
1.345455e+03,3.162278e+01,7.563332e+04,56.2139350629,t t~,9.982321e-01,t c~,8.470535e-04,c t~,8.470535e-04,t u~,3.690702e-05
1.345455e+03,1.000000e+02,7.563331e+05,562.139276304,t t~,9.982353e-01,t c~,8.455310e-04,c t~,8.455310e-04,u t~,3.684069e-05
1.400000e+03,1.000000e-02,1.439172e+03,1.02798,t c~,4.635439e-01,c t~,4.635439e-01,c c~,3.099890e-02,u t~,2.019709e-02
1.400000e+03,3.162278e-02,1.439955e+02,0.102853928571,c t~,4.641260e-01,t c~,4.641260e-01,c c~,3.098214e-02,u t~,2.022245e-02
1.400000e+03,1.000000e-01,1.518096e+01,0.0108435428571,t c~,4.481879e-01,c t~,4.481879e-01,t t~,3.517966e-02,c c~,2.938830e-02
1.400000e+03,3.162278e-01,9.330340e+00,0.00666452857143,t t~,8.146839e-01,t c~,8.649768e-02,c t~,8.649768e-02,c c~,4.783109e-03
1.400000e+03,1.000000e+00,7.905362e+01,0.0564668714286,t t~,9.928996e-01,t c~,3.374853e-03,c t~,3.374853e-03,t u~,1.470459e-04
1.400000e+03,3.162278e+00,7.891095e+02,0.563649642857,t t~,9.978648e-01,t c~,1.022739e-03,c t~,1.022739e-03,t u~,4.456181e-05
1.400000e+03,1.000000e+01,7.890949e+03,5.63639214286,t t~,9.982004e-01,t c~,8.622440e-04,c t~,8.622440e-04,t u~,3.756887e-05
1.400000e+03,3.162278e+01,7.890949e+04,56.3639214286,t t~,9.982323e-01,t c~,8.469459e-04,c t~,8.469459e-04,t u~,3.690232e-05
1.400000e+03,1.000000e+02,7.890947e+05,563.639071429,t t~,9.982355e-01,t c~,8.454236e-04,c t~,8.454236e-04,u t~,3.683599e-05
