mass,run_name,cross_section_pb,cross_section_error_pb,status,return_code,note
200,run_66,0.00033087,5.3066e-07,ok,0,
300,run_67,0.00010188,1.6621e-07,ok,0,
400,run_68,3.5628e-05,7.2065e-08,ok,0,
500,run_69,1.3913e-05,2.1236e-08,ok,0,
600,run_70,5.8976e-06,1.0755e-08,ok,0,
700,run_71,2.6716e-06,5.7739e-09,ok,0,
800,run_72,1.2773e-06,2.0915e-09,ok,0,
900,run_73,6.3779e-07,1.3135e-09,ok,0,
1000,run_74,3.3025e-07,9.5056e-10,ok,0,
1100,run_75,1.7601e-07,2.4589e-10,ok,0,
1200,run_76,9.5571e-08,2.0708e-10,ok,0,
1300,run_77,5.2977e-08,1.7829e-10,ok,0,
1400,run_78,2.9725e-08,1.0377e-10,ok,0,
